[{"model": "admin.logentry", "pk": 1, "fields": {"action_time": "2022-01-15T16:00:52.623Z", "user": 1, "content_type": 18, "object_id": "1", "object_repr": "category1", "action_flag": 1, "change_message": "[{\"added\": {}}]"}}, {"model": "admin.logentry", "pk": 2, "fields": {"action_time": "2022-01-15T16:00:52.959Z", "user": 1, "content_type": 18, "object_id": "2", "object_repr": "category1", "action_flag": 1, "change_message": "[{\"added\": {}}]"}}, {"model": "admin.logentry", "pk": 3, "fields": {"action_time": "2022-01-15T16:00:53.297Z", "user": 1, "content_type": 18, "object_id": "3", "object_repr": "category1", "action_flag": 1, "change_message": "[{\"added\": {}}]"}}, {"model": "admin.logentry", "pk": 4, "fields": {"action_time": "2022-01-15T16:05:39.875Z", "user": 1, "content_type": 12, "object_id": "1", "object_repr": "dress", "action_flag": 1, "change_message": "[{\"added\": {}}]"}}, {"model": "admin.logentry", "pk": 5, "fields": {"action_time": "2022-01-15T16:07:21.796Z", "user": 1, "content_type": 12, "object_id": "1", "object_repr": "dress", "action_flag": 2, "change_message": "[{\"changed\": {\"fields\": [\"Image\"]}}]"}}, {"model": "admin.logentry", "pk": 6, "fields": {"action_time": "2022-01-15T16:07:50.587Z", "user": 1, "content_type": 18, "object_id": "3", "object_repr": "category1", "action_flag": 2, "change_message": "[{\"changed\": {\"fields\": [\"Image\"]}}]"}}, {"model": "admin.logentry", "pk": 7, "fields": {"action_time": "2022-01-15T16:08:02.743Z", "user": 1, "content_type": 18, "object_id": "2", "object_repr": "category1", "action_flag": 2, "change_message": "[{\"changed\": {\"fields\": [\"Image\"]}}]"}}, {"model": "admin.logentry", "pk": 8, "fields": {"action_time": "2022-01-15T16:08:13.991Z", "user": 1, "content_type": 18, "object_id": "1", "object_repr": "category1", "action_flag": 2, "change_message": "[{\"changed\": {\"fields\": [\"Image\"]}}]"}}, {"model": "admin.logentry", "pk": 9, "fields": {"action_time": "2022-01-15T17:09:47.691Z", "user": 1, "content_type": 18, "object_id": "2", "object_repr": "category2", "action_flag": 2, "change_message": "[{\"changed\": {\"fields\": [\"Title\"]}}]"}}, {"model": "admin.logentry", "pk": 10, "fields": {"action_time": "2022-01-15T17:10:17.420Z", "user": 1, "content_type": 18, "object_id": "1", "object_repr": "category3", "action_flag": 2, "change_message": "[{\"changed\": {\"fields\": [\"Title\"]}}]"}}, {"model": "admin.logentry", "pk": 11, "fields": {"action_time": "2022-01-15T17:17:12.965Z", "user": 1, "content_type": 12, "object_id": "2", "object_repr": "tshirt", "action_flag": 1, "change_message": "[{\"added\": {}}]"}}, {"model": "admin.logentry", "pk": 12, "fields": {"action_time": "2022-01-15T17:17:45.550Z", "user": 1, "content_type": 12, "object_id": "3", "object_repr": "jins", "action_flag": 1, "change_message": "[{\"added\": {}}]"}}, {"model": "admin.logentry", "pk": 13, "fields": {"action_time": "2022-01-16T14:21:15.867Z", "user": 1, "content_type": 18, "object_id": "4", "object_repr": "category4", "action_flag": 1, "change_message": "[{\"added\": {}}]"}}, {"model": "admin.logentry", "pk": 14, "fields": {"action_time": "2022-01-16T14:21:28.684Z", "user": 1, "content_type": 18, "object_id": "5", "object_repr": "category5", "action_flag": 1, "change_message": "[{\"added\": {}}]"}}, {"model": "admin.logentry", "pk": 15, "fields": {"action_time": "2022-01-16T14:21:37.523Z", "user": 1, "content_type": 18, "object_id": "6", "object_repr": "category6", "action_flag": 1, "change_message": "[{\"added\": {}}]"}}, {"model": "admin.logentry", "pk": 16, "fields": {"action_time": "2022-01-16T14:21:49.984Z", "user": 1, "content_type": 18, "object_id": "7", "object_repr": "category7", "action_flag": 1, "change_message": "[{\"added\": {}}]"}}, {"model": "admin.logentry", "pk": 17, "fields": {"action_time": "2022-01-16T14:21:59.268Z", "user": 1, "content_type": 18, "object_id": "8", "object_repr": "category8", "action_flag": 1, "change_message": "[{\"added\": {}}]"}}, {"model": "admin.logentry", "pk": 18, "fields": {"action_time": "2022-01-16T14:22:14.158Z", "user": 1, "content_type": 18, "object_id": "9", "object_repr": "category8", "action_flag": 1, "change_message": "[{\"added\": {}}]"}}, {"model": "admin.logentry", "pk": 19, "fields": {"action_time": "2022-01-16T14:22:22.000Z", "user": 1, "content_type": 18, "object_id": "10", "object_repr": "category9", "action_flag": 1, "change_message": "[{\"added\": {}}]"}}, {"model": "admin.logentry", "pk": 20, "fields": {"action_time": "2022-01-16T14:22:32.427Z", "user": 1, "content_type": 18, "object_id": "11", "object_repr": "category", "action_flag": 1, "change_message": "[{\"added\": {}}]"}}, {"model": "admin.logentry", "pk": 21, "fields": {"action_time": "2022-01-16T14:22:53.866Z", "user": 1, "content_type": 18, "object_id": "8", "object_repr": "category10", "action_flag": 2, "change_message": "[{\"changed\": {\"fields\": [\"Title\", \"Details\"]}}]"}}, {"model": "admin.logentry", "pk": 22, "fields": {"action_time": "2022-01-16T14:23:02.571Z", "user": 1, "content_type": 18, "object_id": "11", "object_repr": "category", "action_flag": 3, "change_message": ""}}, {"model": "admin.logentry", "pk": 23, "fields": {"action_time": "2022-01-16T14:23:49.714Z", "user": 1, "content_type": 12, "object_id": "3", "object_repr": "jins", "action_flag": 3, "change_message": ""}}, {"model": "admin.logentry", "pk": 24, "fields": {"action_time": "2022-01-16T14:23:49.847Z", "user": 1, "content_type": 12, "object_id": "2", "object_repr": "tshirt", "action_flag": 3, "change_message": ""}}, {"model": "admin.logentry", "pk": 25, "fields": {"action_time": "2022-01-16T14:23:49.949Z", "user": 1, "content_type": 12, "object_id": "1", "object_repr": "dress", "action_flag": 3, "change_message": ""}}, {"model": "admin.logentry", "pk": 26, "fields": {"action_time": "2022-01-16T14:25:52.726Z", "user": 1, "content_type": 19, "object_id": "1", "object_repr": "Eassy", "action_flag": 1, "change_message": "[{\"added\": {}}]"}}, {"model": "admin.logentry", "pk": 27, "fields": {"action_time": "2022-01-16T14:26:01.217Z", "user": 1, "content_type": 19, "object_id": "2", "object_repr": "Yellow", "action_flag": 1, "change_message": "[{\"added\": {}}]"}}, {"model": "admin.logentry", "pk": 28, "fields": {"action_time": "2022-01-16T14:26:10.327Z", "user": 1, "content_type": 19, "object_id": "3", "object_repr": "Arong", "action_flag": 1, "change_message": "[{\"added\": {}}]"}}, {"model": "admin.logentry", "pk": 29, "fields": {"action_time": "2022-01-16T14:26:15.723Z", "user": 1, "content_type": 19, "object_id": "4", "object_repr": "Orabge", "action_flag": 1, "change_message": "[{\"added\": {}}]"}}, {"model": "admin.logentry", "pk": 30, "fields": {"action_time": "2022-01-16T14:26:21.326Z", "user": 1, "content_type": 19, "object_id": "5", "object_repr": "Police", "action_flag": 1, "change_message": "[{\"added\": {}}]"}}, {"model": "admin.logentry", "pk": 31, "fields": {"action_time": "2022-01-16T14:26:28.221Z", "user": 1, "content_type": 19, "object_id": "6", "object_repr": "Adidas", "action_flag": 1, "change_message": "[{\"added\": {}}]"}}, {"model": "admin.logentry", "pk": 32, "fields": {"action_time": "2022-01-16T14:26:41.469Z", "user": 1, "content_type": 19, "object_id": "7", "object_repr": "Nike", "action_flag": 1, "change_message": "[{\"added\": {}}]"}}, {"model": "admin.logentry", "pk": 33, "fields": {"action_time": "2022-01-16T14:26:51.521Z", "user": 1, "content_type": 19, "object_id": "8", "object_repr": "Reimond", "action_flag": 1, "change_message": "[{\"added\": {}}]"}}, {"model": "admin.logentry", "pk": 34, "fields": {"action_time": "2022-01-16T14:26:58.614Z", "user": 1, "content_type": 19, "object_id": "9", "object_repr": "Titne", "action_flag": 1, "change_message": "[{\"added\": {}}]"}}, {"model": "admin.logentry", "pk": 35, "fields": {"action_time": "2022-01-16T14:28:13.896Z", "user": 1, "content_type": 12, "object_id": "4", "object_repr": "product1", "action_flag": 1, "change_message": "[{\"added\": {}}]"}}, {"model": "admin.logentry", "pk": 36, "fields": {"action_time": "2022-01-16T14:28:47.509Z", "user": 1, "content_type": 12, "object_id": "5", "object_repr": "product2", "action_flag": 1, "change_message": "[{\"added\": {}}]"}}, {"model": "admin.logentry", "pk": 37, "fields": {"action_time": "2022-01-16T14:29:29.375Z", "user": 1, "content_type": 12, "object_id": "6", "object_repr": "product3", "action_flag": 1, "change_message": "[{\"added\": {}}]"}}, {"model": "admin.logentry", "pk": 38, "fields": {"action_time": "2022-01-16T14:30:10.689Z", "user": 1, "content_type": 12, "object_id": "7", "object_repr": "product4", "action_flag": 1, "change_message": "[{\"added\": {}}]"}}, {"model": "admin.logentry", "pk": 39, "fields": {"action_time": "2022-01-16T14:30:40.641Z", "user": 1, "content_type": 12, "object_id": "8", "object_repr": "product5", "action_flag": 1, "change_message": "[{\"added\": {}}]"}}, {"model": "admin.logentry", "pk": 40, "fields": {"action_time": "2022-01-16T14:31:12.253Z", "user": 1, "content_type": 12, "object_id": "9", "object_repr": "product6", "action_flag": 1, "change_message": "[{\"added\": {}}]"}}, {"model": "admin.logentry", "pk": 41, "fields": {"action_time": "2022-01-16T14:31:41.052Z", "user": 1, "content_type": 12, "object_id": "10", "object_repr": "product7", "action_flag": 1, "change_message": "[{\"added\": {}}]"}}, {"model": "admin.logentry", "pk": 42, "fields": {"action_time": "2022-01-16T14:32:13.524Z", "user": 1, "content_type": 12, "object_id": "11", "object_repr": "product8", "action_flag": 1, "change_message": "[{\"added\": {}}]"}}, {"model": "admin.logentry", "pk": 43, "fields": {"action_time": "2022-01-16T14:32:41.300Z", "user": 1, "content_type": 12, "object_id": "12", "object_repr": "product9", "action_flag": 1, "change_message": "[{\"added\": {}}]"}}, {"model": "admin.logentry", "pk": 44, "fields": {"action_time": "2022-01-16T14:33:13.641Z", "user": 1, "content_type": 12, "object_id": "13", "object_repr": "product10", "action_flag": 1, "change_message": "[{\"added\": {}}]"}}, {"model": "admin.logentry", "pk": 45, "fields": {"action_time": "2022-01-16T14:33:46.058Z", "user": 1, "content_type": 12, "object_id": "14", "object_repr": "product11", "action_flag": 1, "change_message": "[{\"added\": {}}]"}}, {"model": "admin.logentry", "pk": 46, "fields": {"action_time": "2022-01-16T14:34:19.041Z", "user": 1, "content_type": 12, "object_id": "15", "object_repr": "product12", "action_flag": 1, "change_message": "[{\"added\": {}}]"}}, {"model": "admin.logentry", "pk": 47, "fields": {"action_time": "2022-01-16T14:34:51.879Z", "user": 1, "content_type": 12, "object_id": "16", "object_repr": "product13", "action_flag": 1, "change_message": "[{\"added\": {}}]"}}, {"model": "admin.logentry", "pk": 48, "fields": {"action_time": "2022-01-16T14:35:26.318Z", "user": 1, "content_type": 12, "object_id": "17", "object_repr": "product14", "action_flag": 1, "change_message": "[{\"added\": {}}]"}}, {"model": "admin.logentry", "pk": 49, "fields": {"action_time": "2022-01-16T14:35:56.724Z", "user": 1, "content_type": 12, "object_id": "18", "object_repr": "product15", "action_flag": 1, "change_message": "[{\"added\": {}}]"}}, {"model": "admin.logentry", "pk": 50, "fields": {"action_time": "2022-01-16T14:36:36.807Z", "user": 1, "content_type": 12, "object_id": "19", "object_repr": "product16", "action_flag": 1, "change_message": "[{\"added\": {}}]"}}, {"model": "admin.logentry", "pk": 51, "fields": {"action_time": "2022-01-16T14:37:15.153Z", "user": 1, "content_type": 12, "object_id": "20", "object_repr": "product17", "action_flag": 1, "change_message": "[{\"added\": {}}]"}}, {"model": "admin.logentry", "pk": 52, "fields": {"action_time": "2022-01-16T14:38:09.841Z", "user": 1, "content_type": 12, "object_id": "21", "object_repr": "product18", "action_flag": 1, "change_message": "[{\"added\": {}}]"}}, {"model": "admin.logentry", "pk": 53, "fields": {"action_time": "2022-01-16T14:38:49.833Z", "user": 1, "content_type": 12, "object_id": "22", "object_repr": "product19", "action_flag": 1, "change_message": "[{\"added\": {}}]"}}, {"model": "admin.logentry", "pk": 54, "fields": {"action_time": "2022-01-16T14:39:35.257Z", "user": 1, "content_type": 12, "object_id": "23", "object_repr": "product20", "action_flag": 1, "change_message": "[{\"added\": {}}]"}}, {"model": "admin.logentry", "pk": 55, "fields": {"action_time": "2022-01-16T14:40:08.218Z", "user": 1, "content_type": 12, "object_id": "24", "object_repr": "product21", "action_flag": 1, "change_message": "[{\"added\": {}}]"}}, {"model": "admin.logentry", "pk": 56, "fields": {"action_time": "2022-01-16T14:40:40.785Z", "user": 1, "content_type": 12, "object_id": "25", "object_repr": "product22", "action_flag": 1, "change_message": "[{\"added\": {}}]"}}, {"model": "admin.logentry", "pk": 57, "fields": {"action_time": "2022-01-16T14:41:16.160Z", "user": 1, "content_type": 12, "object_id": "26", "object_repr": "product23", "action_flag": 1, "change_message": "[{\"added\": {}}]"}}, {"model": "admin.logentry", "pk": 58, "fields": {"action_time": "2022-01-16T14:41:46.347Z", "user": 1, "content_type": 12, "object_id": "27", "object_repr": "product24", "action_flag": 1, "change_message": "[{\"added\": {}}]"}}, {"model": "admin.logentry", "pk": 59, "fields": {"action_time": "2022-01-16T14:42:16.660Z", "user": 1, "content_type": 12, "object_id": "28", "object_repr": "product25", "action_flag": 1, "change_message": "[{\"added\": {}}]"}}, {"model": "admin.logentry", "pk": 60, "fields": {"action_time": "2022-01-16T14:42:50.462Z", "user": 1, "content_type": 12, "object_id": "29", "object_repr": "product26", "action_flag": 1, "change_message": "[{\"added\": {}}]"}}, {"model": "admin.logentry", "pk": 61, "fields": {"action_time": "2022-01-16T14:43:21.686Z", "user": 1, "content_type": 12, "object_id": "30", "object_repr": "product27", "action_flag": 1, "change_message": "[{\"added\": {}}]"}}, {"model": "admin.logentry", "pk": 62, "fields": {"action_time": "2022-01-16T14:43:59.683Z", "user": 1, "content_type": 12, "object_id": "31", "object_repr": "product28", "action_flag": 1, "change_message": "[{\"added\": {}}]"}}, {"model": "admin.logentry", "pk": 63, "fields": {"action_time": "2022-01-16T14:44:51.836Z", "user": 1, "content_type": 12, "object_id": "32", "object_repr": "product30", "action_flag": 1, "change_message": "[{\"added\": {}}]"}}, {"model": "admin.logentry", "pk": 64, "fields": {"action_time": "2022-01-16T14:45:28.426Z", "user": 1, "content_type": 12, "object_id": "33", "object_repr": "product29", "action_flag": 1, "change_message": "[{\"added\": {}}]"}}, {"model": "admin.logentry", "pk": 65, "fields": {"action_time": "2022-01-16T14:50:05.101Z", "user": 1, "content_type": 12, "object_id": "33", "object_repr": "product29", "action_flag": 2, "change_message": "[{\"changed\": {\"fields\": [\"Category\"]}}]"}}, {"model": "admin.logentry", "pk": 66, "fields": {"action_time": "2022-01-16T14:55:22.821Z", "user": 1, "content_type": 12, "object_id": "29", "object_repr": "product26", "action_flag": 2, "change_message": "[{\"changed\": {\"fields\": [\"Category\"]}}]"}}, {"model": "admin.logentry", "pk": 67, "fields": {"action_time": "2022-01-16T14:56:51.083Z", "user": 1, "content_type": 12, "object_id": "33", "object_repr": "product29", "action_flag": 2, "change_message": "[{\"changed\": {\"fields\": [\"Category\"]}}]"}}, {"model": "admin.logentry", "pk": 68, "fields": {"action_time": "2022-01-16T14:57:02.646Z", "user": 1, "content_type": 12, "object_id": "27", "object_repr": "product24", "action_flag": 2, "change_message": "[{\"changed\": {\"fields\": [\"Category\"]}}]"}}, {"model": "admin.logentry", "pk": 69, "fields": {"action_time": "2022-01-16T14:57:13.275Z", "user": 1, "content_type": 12, "object_id": "14", "object_repr": "product11", "action_flag": 2, "change_message": "[{\"changed\": {\"fields\": [\"Category\"]}}]"}}, {"model": "admin.logentry", "pk": 70, "fields": {"action_time": "2022-01-18T16:39:42.973Z", "user": 1, "content_type": 12, "object_id": "10", "object_repr": "product7", "action_flag": 2, "change_message": "[{\"changed\": {\"fields\": [\"Category\"]}}]"}}, {"model": "admin.logentry", "pk": 71, "fields": {"action_time": "2022-01-18T16:40:14.254Z", "user": 1, "content_type": 12, "object_id": "8", "object_repr": "product5", "action_flag": 2, "change_message": "[{\"changed\": {\"fields\": [\"Category\"]}}]"}}, {"model": "admin.logentry", "pk": 72, "fields": {"action_time": "2022-01-18T16:41:28.173Z", "user": 1, "content_type": 12, "object_id": "33", "object_repr": "product29", "action_flag": 2, "change_message": "[{\"changed\": {\"fields\": [\"Category\"]}}]"}}, {"model": "admin.logentry", "pk": 73, "fields": {"action_time": "2022-01-18T16:41:40.844Z", "user": 1, "content_type": 12, "object_id": "32", "object_repr": "product30", "action_flag": 2, "change_message": "[{\"changed\": {\"fields\": [\"Category\"]}}]"}}, {"model": "admin.logentry", "pk": 74, "fields": {"action_time": "2022-01-18T16:41:57.151Z", "user": 1, "content_type": 12, "object_id": "31", "object_repr": "product28", "action_flag": 2, "change_message": "[{\"changed\": {\"fields\": [\"Category\"]}}]"}}, {"model": "admin.logentry", "pk": 75, "fields": {"action_time": "2022-01-18T16:42:11.628Z", "user": 1, "content_type": 12, "object_id": "30", "object_repr": "product27", "action_flag": 2, "change_message": "[{\"changed\": {\"fields\": [\"Category\"]}}]"}}, {"model": "admin.logentry", "pk": 76, "fields": {"action_time": "2022-01-18T16:42:25.791Z", "user": 1, "content_type": 12, "object_id": "29", "object_repr": "product26", "action_flag": 2, "change_message": "[{\"changed\": {\"fields\": [\"Category\"]}}]"}}, {"model": "admin.logentry", "pk": 77, "fields": {"action_time": "2022-01-18T16:42:41.432Z", "user": 1, "content_type": 12, "object_id": "28", "object_repr": "product25", "action_flag": 2, "change_message": "[{\"changed\": {\"fields\": [\"Category\"]}}]"}}, {"model": "admin.logentry", "pk": 78, "fields": {"action_time": "2022-01-18T16:42:57.962Z", "user": 1, "content_type": 12, "object_id": "27", "object_repr": "product24", "action_flag": 2, "change_message": "[{\"changed\": {\"fields\": [\"Category\"]}}]"}}, {"model": "admin.logentry", "pk": 79, "fields": {"action_time": "2022-01-18T16:43:11.346Z", "user": 1, "content_type": 12, "object_id": "27", "object_repr": "product24", "action_flag": 2, "change_message": "[]"}}, {"model": "admin.logentry", "pk": 80, "fields": {"action_time": "2022-01-18T16:43:24.427Z", "user": 1, "content_type": 12, "object_id": "26", "object_repr": "product23", "action_flag": 2, "change_message": "[{\"changed\": {\"fields\": [\"Category\"]}}]"}}, {"model": "admin.logentry", "pk": 81, "fields": {"action_time": "2022-01-18T16:43:45.212Z", "user": 1, "content_type": 12, "object_id": "25", "object_repr": "product22", "action_flag": 2, "change_message": "[{\"changed\": {\"fields\": [\"Category\"]}}]"}}, {"model": "admin.logentry", "pk": 82, "fields": {"action_time": "2022-01-18T16:43:57.775Z", "user": 1, "content_type": 12, "object_id": "24", "object_repr": "product21", "action_flag": 2, "change_message": "[{\"changed\": {\"fields\": [\"Category\"]}}]"}}, {"model": "admin.logentry", "pk": 83, "fields": {"action_time": "2022-01-18T16:44:09.326Z", "user": 1, "content_type": 12, "object_id": "23", "object_repr": "product20", "action_flag": 2, "change_message": "[{\"changed\": {\"fields\": [\"Category\"]}}]"}}, {"model": "admin.logentry", "pk": 84, "fields": {"action_time": "2022-01-18T16:44:45.856Z", "user": 1, "content_type": 12, "object_id": "22", "object_repr": "product19", "action_flag": 2, "change_message": "[{\"changed\": {\"fields\": [\"Category\"]}}]"}}, {"model": "admin.logentry", "pk": 85, "fields": {"action_time": "2022-01-18T16:45:00.238Z", "user": 1, "content_type": 12, "object_id": "21", "object_repr": "product18", "action_flag": 2, "change_message": "[{\"changed\": {\"fields\": [\"Category\"]}}]"}}, {"model": "admin.logentry", "pk": 86, "fields": {"action_time": "2022-01-18T16:45:12.968Z", "user": 1, "content_type": 12, "object_id": "20", "object_repr": "product17", "action_flag": 2, "change_message": "[{\"changed\": {\"fields\": [\"Category\"]}}]"}}, {"model": "admin.logentry", "pk": 87, "fields": {"action_time": "2022-01-18T16:45:28.374Z", "user": 1, "content_type": 12, "object_id": "19", "object_repr": "product16", "action_flag": 2, "change_message": "[{\"changed\": {\"fields\": [\"Category\"]}}]"}}, {"model": "admin.logentry", "pk": 88, "fields": {"action_time": "2022-01-18T16:45:42.022Z", "user": 1, "content_type": 12, "object_id": "18", "object_repr": "product15", "action_flag": 2, "change_message": "[{\"changed\": {\"fields\": [\"Category\"]}}]"}}, {"model": "admin.logentry", "pk": 89, "fields": {"action_time": "2022-01-24T14:38:11.472Z", "user": 1, "content_type": 9, "object_id": "1", "object_repr": "ma01776879@gmail.com", "action_flag": 1, "change_message": "[{\"added\": {}}]"}}, {"model": "admin.logentry", "pk": 90, "fields": {"action_time": "2022-01-24T14:38:56.377Z", "user": 1, "content_type": 17, "object_id": "1", "object_repr": "product1", "action_flag": 1, "change_message": "[{\"added\": {}}]"}}, {"model": "admin.logentry", "pk": 91, "fields": {"action_time": "2022-01-24T14:39:03.527Z", "user": 1, "content_type": 17, "object_id": "2", "object_repr": "product2", "action_flag": 1, "change_message": "[{\"added\": {}}]"}}, {"model": "admin.logentry", "pk": 92, "fields": {"action_time": "2022-01-24T14:39:09.551Z", "user": 1, "content_type": 17, "object_id": "3", "object_repr": "product5", "action_flag": 1, "change_message": "[{\"added\": {}}]"}}, {"model": "admin.logentry", "pk": 93, "fields": {"action_time": "2022-01-24T14:39:16.418Z", "user": 1, "content_type": 17, "object_id": "4", "object_repr": "product3", "action_flag": 1, "change_message": "[{\"added\": {}}]"}}, {"model": "admin.logentry", "pk": 94, "fields": {"action_time": "2022-01-24T14:39:23.970Z", "user": 1, "content_type": 17, "object_id": "5", "object_repr": "product4", "action_flag": 1, "change_message": "[{\"added\": {}}]"}}, {"model": "admin.logentry", "pk": 95, "fields": {"action_time": "2022-01-24T14:39:38.687Z", "user": 1, "content_type": 17, "object_id": "6", "object_repr": "product9", "action_flag": 1, "change_message": "[{\"added\": {}}]"}}, {"model": "admin.logentry", "pk": 96, "fields": {"action_time": "2022-01-24T14:40:14.533Z", "user": 1, "content_type": 13, "object_id": "1", "object_repr": "Review object (1)", "action_flag": 1, "change_message": "[{\"added\": {}}]"}}, {"model": "admin.logentry", "pk": 97, "fields": {"action_time": "2022-01-24T14:40:24.351Z", "user": 1, "content_type": 13, "object_id": "2", "object_repr": "Review object (2)", "action_flag": 1, "change_message": "[{\"added\": {}}]"}}, {"model": "admin.logentry", "pk": 98, "fields": {"action_time": "2022-01-24T14:40:35.889Z", "user": 1, "content_type": 13, "object_id": "3", "object_repr": "Review object (3)", "action_flag": 1, "change_message": "[{\"added\": {}}]"}}, {"model": "admin.logentry", "pk": 99, "fields": {"action_time": "2022-01-24T15:21:49.970Z", "user": 1, "content_type": 9, "object_id": "1", "object_repr": "ma01776879@gmail.com", "action_flag": 2, "change_message": "[]"}}, {"model": "admin.logentry", "pk": 100, "fields": {"action_time": "2022-01-24T15:22:01.296Z", "user": 1, "content_type": 9, "object_id": "1", "object_repr": "ma01776879@gmail.com", "action_flag": 2, "change_message": "[]"}}, {"model": "admin.logentry", "pk": 101, "fields": {"action_time": "2022-01-24T15:28:56.646Z", "user": 1, "content_type": 13, "object_id": "4", "object_repr": "Review object (4)", "action_flag": 1, "change_message": "[{\"added\": {}}]"}}, {"model": "admin.logentry", "pk": 102, "fields": {"action_time": "2022-01-24T15:30:56.287Z", "user": 1, "content_type": 17, "object_id": "7", "object_repr": "product7", "action_flag": 1, "change_message": "[{\"added\": {}}]"}}, {"model": "admin.logentry", "pk": 103, "fields": {"action_time": "2022-01-24T15:32:39.782Z", "user": 1, "content_type": 13, "object_id": "5", "object_repr": "Review object (5)", "action_flag": 1, "change_message": "[{\"added\": {}}]"}}, {"model": "admin.logentry", "pk": 104, "fields": {"action_time": "2022-01-24T16:16:04.692Z", "user": 1, "content_type": 12, "object_id": "31", "object_repr": "product28", "action_flag": 2, "change_message": "[{\"changed\": {\"fields\": [\"Tegs\"]}}]"}}, {"model": "admin.logentry", "pk": 105, "fields": {"action_time": "2022-01-24T16:19:05.765Z", "user": 1, "content_type": 18, "object_id": "10", "object_repr": "category9", "action_flag": 2, "change_message": "[{\"changed\": {\"fields\": [\"Image\"]}}]"}}, {"model": "admin.logentry", "pk": 106, "fields": {"action_time": "2022-01-24T16:19:34.976Z", "user": 1, "content_type": 17, "object_id": "6", "object_repr": "product9", "action_flag": 2, "change_message": "[]"}}, {"model": "admin.logentry", "pk": 107, "fields": {"action_time": "2022-01-25T15:37:42.930Z", "user": 1, "content_type": 12, "object_id": "27", "object_repr": "product24", "action_flag": 2, "change_message": "[{\"changed\": {\"fields\": [\"Discount\"]}}]"}}, {"model": "admin.logentry", "pk": 108, "fields": {"action_time": "2022-01-25T15:38:04.506Z", "user": 1, "content_type": 12, "object_id": "27", "object_repr": "product24", "action_flag": 2, "change_message": "[]"}}, {"model": "admin.logentry", "pk": 109, "fields": {"action_time": "2022-01-25T15:38:12.692Z", "user": 1, "content_type": 12, "object_id": "32", "object_repr": "product30", "action_flag": 2, "change_message": "[{\"changed\": {\"fields\": [\"Discount\"]}}]"}}, {"model": "admin.logentry", "pk": 110, "fields": {"action_time": "2022-01-25T15:38:24.700Z", "user": 1, "content_type": 12, "object_id": "31", "object_repr": "product28", "action_flag": 2, "change_message": "[{\"changed\": {\"fields\": [\"Discount\"]}}]"}}, {"model": "admin.logentry", "pk": 111, "fields": {"action_time": "2022-01-25T15:38:31.720Z", "user": 1, "content_type": 12, "object_id": "30", "object_repr": "product27", "action_flag": 2, "change_message": "[{\"changed\": {\"fields\": [\"Discount\"]}}]"}}, {"model": "admin.logentry", "pk": 112, "fields": {"action_time": "2022-01-25T15:38:42.431Z", "user": 1, "content_type": 12, "object_id": "24", "object_repr": "product21", "action_flag": 2, "change_message": "[{\"changed\": {\"fields\": [\"Discount\"]}}]"}}, {"model": "admin.logentry", "pk": 113, "fields": {"action_time": "2022-01-25T16:19:34.437Z", "user": 1, "content_type": 12, "object_id": "27", "object_repr": "product24", "action_flag": 2, "change_message": "[{\"changed\": {\"fields\": [\"Oldprice\"]}}]"}}, {"model": "admin.logentry", "pk": 114, "fields": {"action_time": "2022-01-25T16:19:46.851Z", "user": 1, "content_type": 12, "object_id": "13", "object_repr": "product10", "action_flag": 2, "change_message": "[{\"changed\": {\"fields\": [\"Oldprice\"]}}]"}}, {"model": "admin.logentry", "pk": 115, "fields": {"action_time": "2022-01-25T16:19:56.319Z", "user": 1, "content_type": 12, "object_id": "32", "object_repr": "product30", "action_flag": 2, "change_message": "[{\"changed\": {\"fields\": [\"Oldprice\"]}}]"}}, {"model": "admin.logentry", "pk": 116, "fields": {"action_time": "2022-01-25T16:20:06.844Z", "user": 1, "content_type": 12, "object_id": "30", "object_repr": "product27", "action_flag": 2, "change_message": "[{\"changed\": {\"fields\": [\"Oldprice\"]}}]"}}, {"model": "admin.logentry", "pk": 117, "fields": {"action_time": "2022-01-25T16:20:16.002Z", "user": 1, "content_type": 12, "object_id": "28", "object_repr": "product25", "action_flag": 2, "change_message": "[{\"changed\": {\"fields\": [\"Oldprice\"]}}]"}}, {"model": "admin.logentry", "pk": 118, "fields": {"action_time": "2022-01-25T16:20:28.626Z", "user": 1, "content_type": 12, "object_id": "24", "object_repr": "product21", "action_flag": 2, "change_message": "[{\"changed\": {\"fields\": [\"Oldprice\"]}}]"}}, {"model": "admin.logentry", "pk": 119, "fields": {"action_time": "2022-01-25T16:21:39.671Z", "user": 1, "content_type": 12, "object_id": "23", "object_repr": "product20", "action_flag": 2, "change_message": "[{\"changed\": {\"fields\": [\"Discount\"]}}]"}}, {"model": "admin.logentry", "pk": 120, "fields": {"action_time": "2022-01-25T17:28:35.323Z", "user": 1, "content_type": 12, "object_id": "23", "object_repr": "product20", "action_flag": 2, "change_message": "[{\"changed\": {\"fields\": [\"Details\"]}}]"}}, {"model": "admin.logentry", "pk": 121, "fields": {"action_time": "2022-01-25T17:45:09.860Z", "user": 1, "content_type": 13, "object_id": "6", "object_repr": "Review object (6)", "action_flag": 1, "change_message": "[{\"added\": {}}]"}}, {"model": "admin.logentry", "pk": 122, "fields": {"action_time": "2022-01-25T17:45:22.134Z", "user": 1, "content_type": 13, "object_id": "7", "object_repr": "Review object (7)", "action_flag": 1, "change_message": "[{\"added\": {}}]"}}, {"model": "admin.logentry", "pk": 123, "fields": {"action_time": "2022-01-25T17:45:37.376Z", "user": 1, "content_type": 13, "object_id": "8", "object_repr": "Review object (8)", "action_flag": 1, "change_message": "[{\"added\": {}}]"}}, {"model": "admin.logentry", "pk": 124, "fields": {"action_time": "2022-01-25T17:45:57.908Z", "user": 1, "content_type": 13, "object_id": "9", "object_repr": "Review object (9)", "action_flag": 1, "change_message": "[{\"added\": {}}]"}}, {"model": "admin.logentry", "pk": 125, "fields": {"action_time": "2022-01-27T14:50:12.215Z", "user": 1, "content_type": 19, "object_id": "8", "object_repr": "Reimond", "action_flag": 2, "change_message": "[{\"changed\": {\"fields\": [\"Logo\"]}}]"}}, {"model": "admin.logentry", "pk": 126, "fields": {"action_time": "2022-01-27T14:50:25.480Z", "user": 1, "content_type": 19, "object_id": "7", "object_repr": "Nike", "action_flag": 2, "change_message": "[{\"changed\": {\"fields\": [\"Logo\"]}}]"}}, {"model": "admin.logentry", "pk": 127, "fields": {"action_time": "2022-01-27T14:50:36.120Z", "user": 1, "content_type": 19, "object_id": "6", "object_repr": "Adidas", "action_flag": 2, "change_message": "[{\"changed\": {\"fields\": [\"Logo\"]}}]"}}, {"model": "admin.logentry", "pk": 128, "fields": {"action_time": "2022-01-27T14:50:49.148Z", "user": 1, "content_type": 19, "object_id": "5", "object_repr": "Police", "action_flag": 2, "change_message": "[{\"changed\": {\"fields\": [\"Logo\"]}}]"}}, {"model": "admin.logentry", "pk": 129, "fields": {"action_time": "2022-01-27T14:50:59.756Z", "user": 1, "content_type": 19, "object_id": "3", "object_repr": "Arong", "action_flag": 2, "change_message": "[{\"changed\": {\"fields\": [\"Logo\"]}}]"}}, {"model": "admin.logentry", "pk": 130, "fields": {"action_time": "2022-01-27T14:51:13.730Z", "user": 1, "content_type": 19, "object_id": "2", "object_repr": "Yellow", "action_flag": 2, "change_message": "[{\"changed\": {\"fields\": [\"Logo\"]}}]"}}, {"model": "admin.logentry", "pk": 131, "fields": {"action_time": "2022-01-27T14:51:26.416Z", "user": 1, "content_type": 19, "object_id": "1", "object_repr": "Eassy", "action_flag": 2, "change_message": "[{\"changed\": {\"fields\": [\"Logo\"]}}]"}}, {"model": "admin.logentry", "pk": 132, "fields": {"action_time": "2022-01-27T14:52:16.744Z", "user": 1, "content_type": 19, "object_id": "9", "object_repr": "Titan", "action_flag": 2, "change_message": "[{\"changed\": {\"fields\": [\"Title\", \"Logo\"]}}]"}}, {"model": "admin.logentry", "pk": 133, "fields": {"action_time": "2022-01-27T15:41:18.895Z", "user": 1, "content_type": 19, "object_id": "4", "object_repr": "Orabge", "action_flag": 3, "change_message": ""}}, {"model": "admin.logentry", "pk": 134, "fields": {"action_time": "2022-01-27T15:41:39.685Z", "user": 1, "content_type": 19, "object_id": "5", "object_repr": "Police", "action_flag": 2, "change_message": "[{\"changed\": {\"fields\": [\"Logo\"]}}]"}}, {"model": "admin.logentry", "pk": 135, "fields": {"action_time": "2022-01-27T15:44:34.829Z", "user": 1, "content_type": 19, "object_id": "8", "object_repr": "Reimond", "action_flag": 2, "change_message": "[{\"changed\": {\"fields\": [\"Logo\"]}}]"}}, {"model": "admin.logentry", "pk": 136, "fields": {"action_time": "2022-01-27T15:44:52.550Z", "user": 1, "content_type": 19, "object_id": "7", "object_repr": "Nike", "action_flag": 2, "change_message": "[{\"changed\": {\"fields\": [\"Logo\"]}}]"}}, {"model": "admin.logentry", "pk": 137, "fields": {"action_time": "2022-01-27T15:45:07.415Z", "user": 1, "content_type": 19, "object_id": "8", "object_repr": "Reimond", "action_flag": 2, "change_message": "[{\"changed\": {\"fields\": [\"Logo\"]}}]"}}, {"model": "admin.logentry", "pk": 138, "fields": {"action_time": "2022-01-27T15:48:40.104Z", "user": 1, "content_type": 19, "object_id": "9", "object_repr": "Titan", "action_flag": 2, "change_message": "[{\"changed\": {\"fields\": [\"Logo\"]}}]"}}, {"model": "admin.logentry", "pk": 139, "fields": {"action_time": "2022-01-27T15:48:54.283Z", "user": 1, "content_type": 19, "object_id": "9", "object_repr": "Titan", "action_flag": 2, "change_message": "[]"}}, {"model": "admin.logentry", "pk": 140, "fields": {"action_time": "2022-01-27T15:49:11.532Z", "user": 1, "content_type": 19, "object_id": "8", "object_repr": "Reimond", "action_flag": 2, "change_message": "[{\"changed\": {\"fields\": [\"Logo\"]}}]"}}, {"model": "admin.logentry", "pk": 141, "fields": {"action_time": "2022-01-27T15:49:22.863Z", "user": 1, "content_type": 19, "object_id": "7", "object_repr": "Nike", "action_flag": 2, "change_message": "[{\"changed\": {\"fields\": [\"Logo\"]}}]"}}, {"model": "admin.logentry", "pk": 142, "fields": {"action_time": "2022-01-29T09:12:08.906Z", "user": 1, "content_type": 15, "object_id": "1", "object_repr": "TrendingProduct object (1)", "action_flag": 1, "change_message": "[{\"added\": {}}]"}}, {"model": "admin.logentry", "pk": 143, "fields": {"action_time": "2022-01-29T09:12:12.955Z", "user": 1, "content_type": 15, "object_id": "2", "object_repr": "TrendingProduct object (2)", "action_flag": 1, "change_message": "[{\"added\": {}}]"}}, {"model": "admin.logentry", "pk": 144, "fields": {"action_time": "2022-01-29T09:12:16.829Z", "user": 1, "content_type": 15, "object_id": "3", "object_repr": "TrendingProduct object (3)", "action_flag": 1, "change_message": "[{\"added\": {}}]"}}, {"model": "admin.logentry", "pk": 145, "fields": {"action_time": "2022-01-29T09:12:21.060Z", "user": 1, "content_type": 15, "object_id": "4", "object_repr": "TrendingProduct object (4)", "action_flag": 1, "change_message": "[{\"added\": {}}]"}}, {"model": "admin.logentry", "pk": 146, "fields": {"action_time": "2022-01-29T09:12:26.419Z", "user": 1, "content_type": 15, "object_id": "5", "object_repr": "TrendingProduct object (5)", "action_flag": 1, "change_message": "[{\"added\": {}}]"}}, {"model": "admin.logentry", "pk": 147, "fields": {"action_time": "2022-01-29T09:12:33.370Z", "user": 1, "content_type": 15, "object_id": "6", "object_repr": "TrendingProduct object (6)", "action_flag": 1, "change_message": "[{\"added\": {}}]"}}, {"model": "admin.logentry", "pk": 148, "fields": {"action_time": "2022-01-29T09:12:38.453Z", "user": 1, "content_type": 15, "object_id": "7", "object_repr": "TrendingProduct object (7)", "action_flag": 1, "change_message": "[{\"added\": {}}]"}}, {"model": "admin.logentry", "pk": 149, "fields": {"action_time": "2022-01-29T09:12:48.504Z", "user": 1, "content_type": 15, "object_id": "8", "object_repr": "TrendingProduct object (8)", "action_flag": 1, "change_message": "[{\"added\": {}}]"}}, {"model": "admin.logentry", "pk": 150, "fields": {"action_time": "2022-01-29T09:12:48.701Z", "user": 1, "content_type": 15, "object_id": "9", "object_repr": "TrendingProduct object (9)", "action_flag": 1, "change_message": "[{\"added\": {}}]"}}, {"model": "admin.logentry", "pk": 151, "fields": {"action_time": "2022-01-29T09:12:58.118Z", "user": 1, "content_type": 15, "object_id": "10", "object_repr": "TrendingProduct object (10)", "action_flag": 1, "change_message": "[{\"added\": {}}]"}}, {"model": "admin.logentry", "pk": 152, "fields": {"action_time": "2022-01-29T09:13:07.676Z", "user": 1, "content_type": 15, "object_id": "11", "object_repr": "TrendingProduct object (11)", "action_flag": 1, "change_message": "[{\"added\": {}}]"}}, {"model": "admin.logentry", "pk": 153, "fields": {"action_time": "2022-01-29T14:44:31.633Z", "user": 1, "content_type": 16, "object_id": "1", "object_repr": "weastern shoping", "action_flag": 1, "change_message": "[{\"added\": {}}]"}}, {"model": "admin.logentry", "pk": 154, "fields": {"action_time": "2022-01-29T14:45:11.626Z", "user": 1, "content_type": 16, "object_id": "1", "object_repr": "weastern shoping", "action_flag": 2, "change_message": "[{\"changed\": {\"fields\": [\"Product\"]}}]"}}, {"model": "admin.logentry", "pk": 155, "fields": {"action_time": "2022-01-29T14:46:08.357Z", "user": 1, "content_type": 16, "object_id": "2", "object_repr": "popular Brand", "action_flag": 1, "change_message": "[{\"added\": {}}]"}}, {"model": "admin.logentry", "pk": 156, "fields": {"action_time": "2022-01-29T14:46:52.329Z", "user": 1, "content_type": 16, "object_id": "3", "object_repr": "Winter Fashion", "action_flag": 1, "change_message": "[{\"added\": {}}]"}}, {"model": "admin.logentry", "pk": 157, "fields": {"action_time": "2022-02-02T14:58:09.760Z", "user": 1, "content_type": 17, "object_id": "11", "object_repr": "product17", "action_flag": 1, "change_message": "[{\"added\": {}}]"}}, {"model": "admin.logentry", "pk": 158, "fields": {"action_time": "2022-02-08T14:03:24.656Z", "user": 1, "content_type": 7, "object_id": "1", "object_repr": "d7435e20f8e65cdbb8036334b5fec9add199ac57", "action_flag": 1, "change_message": "[{\"added\": {}}]"}}, {"model": "admin.logentry", "pk": 159, "fields": {"action_time": "2022-02-08T14:05:36.733Z", "user": 1, "content_type": 8, "object_id": "2", "object_repr": "rafiq@gmail.com", "action_flag": 1, "change_message": "[{\"added\": {}}]"}}, {"model": "auth.permission", "pk": 1, "fields": {"name": "Can add log entry", "content_type": 1, "codename": "add_logentry"}}, {"model": "auth.permission", "pk": 2, "fields": {"name": "Can change log entry", "content_type": 1, "codename": "change_logentry"}}, {"model": "auth.permission", "pk": 3, "fields": {"name": "Can delete log entry", "content_type": 1, "codename": "delete_logentry"}}, {"model": "auth.permission", "pk": 4, "fields": {"name": "Can view log entry", "content_type": 1, "codename": "view_logentry"}}, {"model": "auth.permission", "pk": 5, "fields": {"name": "Can add permission", "content_type": 2, "codename": "add_permission"}}, {"model": "auth.permission", "pk": 6, "fields": {"name": "Can change permission", "content_type": 2, "codename": "change_permission"}}, {"model": "auth.permission", "pk": 7, "fields": {"name": "Can delete permission", "content_type": 2, "codename": "delete_permission"}}, {"model": "auth.permission", "pk": 8, "fields": {"name": "Can view permission", "content_type": 2, "codename": "view_permission"}}, {"model": "auth.permission", "pk": 9, "fields": {"name": "Can add group", "content_type": 3, "codename": "add_group"}}, {"model": "auth.permission", "pk": 10, "fields": {"name": "Can change group", "content_type": 3, "codename": "change_group"}}, {"model": "auth.permission", "pk": 11, "fields": {"name": "Can delete group", "content_type": 3, "codename": "delete_group"}}, {"model": "auth.permission", "pk": 12, "fields": {"name": "Can view group", "content_type": 3, "codename": "view_group"}}, {"model": "auth.permission", "pk": 13, "fields": {"name": "Can add content type", "content_type": 4, "codename": "add_contenttype"}}, {"model": "auth.permission", "pk": 14, "fields": {"name": "Can change content type", "content_type": 4, "codename": "change_contenttype"}}, {"model": "auth.permission", "pk": 15, "fields": {"name": "Can delete content type", "content_type": 4, "codename": "delete_contenttype"}}, {"model": "auth.permission", "pk": 16, "fields": {"name": "Can view content type", "content_type": 4, "codename": "view_contenttype"}}, {"model": "auth.permission", "pk": 17, "fields": {"name": "Can add session", "content_type": 5, "codename": "add_session"}}, {"model": "auth.permission", "pk": 18, "fields": {"name": "Can change session", "content_type": 5, "codename": "change_session"}}, {"model": "auth.permission", "pk": 19, "fields": {"name": "Can delete session", "content_type": 5, "codename": "delete_session"}}, {"model": "auth.permission", "pk": 20, "fields": {"name": "Can view session", "content_type": 5, "codename": "view_session"}}, {"model": "auth.permission", "pk": 21, "fields": {"name": "Can add Token", "content_type": 6, "codename": "add_token"}}, {"model": "auth.permission", "pk": 22, "fields": {"name": "Can change Token", "content_type": 6, "codename": "change_token"}}, {"model": "auth.permission", "pk": 23, "fields": {"name": "Can delete Token", "content_type": 6, "codename": "delete_token"}}, {"model": "auth.permission", "pk": 24, "fields": {"name": "Can view Token", "content_type": 6, "codename": "view_token"}}, {"model": "auth.permission", "pk": 25, "fields": {"name": "Can add token", "content_type": 7, "codename": "add_tokenproxy"}}, {"model": "auth.permission", "pk": 26, "fields": {"name": "Can change token", "content_type": 7, "codename": "change_tokenproxy"}}, {"model": "auth.permission", "pk": 27, "fields": {"name": "Can delete token", "content_type": 7, "codename": "delete_tokenproxy"}}, {"model": "auth.permission", "pk": 28, "fields": {"name": "Can view token", "content_type": 7, "codename": "view_tokenproxy"}}, {"model": "auth.permission", "pk": 29, "fields": {"name": "Can add user", "content_type": 8, "codename": "add_customuser"}}, {"model": "auth.permission", "pk": 30, "fields": {"name": "Can change user", "content_type": 8, "codename": "change_customuser"}}, {"model": "auth.permission", "pk": 31, "fields": {"name": "Can delete user", "content_type": 8, "codename": "delete_customuser"}}, {"model": "auth.permission", "pk": 32, "fields": {"name": "Can view user", "content_type": 8, "codename": "view_customuser"}}, {"model": "auth.permission", "pk": 33, "fields": {"name": "Can add customer", "content_type": 9, "codename": "add_customer"}}, {"model": "auth.permission", "pk": 34, "fields": {"name": "Can change customer", "content_type": 9, "codename": "change_customer"}}, {"model": "auth.permission", "pk": 35, "fields": {"name": "Can delete customer", "content_type": 9, "codename": "delete_customer"}}, {"model": "auth.permission", "pk": 36, "fields": {"name": "Can view customer", "content_type": 9, "codename": "view_customer"}}, {"model": "auth.permission", "pk": 37, "fields": {"name": "Can add order", "content_type": 10, "codename": "add_order"}}, {"model": "auth.permission", "pk": 38, "fields": {"name": "Can change order", "content_type": 10, "codename": "change_order"}}, {"model": "auth.permission", "pk": 39, "fields": {"name": "Can delete order", "content_type": 10, "codename": "delete_order"}}, {"model": "auth.permission", "pk": 40, "fields": {"name": "Can view order", "content_type": 10, "codename": "view_order"}}, {"model": "auth.permission", "pk": 41, "fields": {"name": "Can add cart", "content_type": 11, "codename": "add_cart"}}, {"model": "auth.permission", "pk": 42, "fields": {"name": "Can change cart", "content_type": 11, "codename": "change_cart"}}, {"model": "auth.permission", "pk": 43, "fields": {"name": "Can delete cart", "content_type": 11, "codename": "delete_cart"}}, {"model": "auth.permission", "pk": 44, "fields": {"name": "Can view cart", "content_type": 11, "codename": "view_cart"}}, {"model": "auth.permission", "pk": 45, "fields": {"name": "Can add product", "content_type": 12, "codename": "add_product"}}, {"model": "auth.permission", "pk": 46, "fields": {"name": "Can change product", "content_type": 12, "codename": "change_product"}}, {"model": "auth.permission", "pk": 47, "fields": {"name": "Can delete product", "content_type": 12, "codename": "delete_product"}}, {"model": "auth.permission", "pk": 48, "fields": {"name": "Can view product", "content_type": 12, "codename": "view_product"}}, {"model": "auth.permission", "pk": 49, "fields": {"name": "Can add review", "content_type": 13, "codename": "add_review"}}, {"model": "auth.permission", "pk": 50, "fields": {"name": "Can change review", "content_type": 13, "codename": "change_review"}}, {"model": "auth.permission", "pk": 51, "fields": {"name": "Can delete review", "content_type": 13, "codename": "delete_review"}}, {"model": "auth.permission", "pk": 52, "fields": {"name": "Can view review", "content_type": 13, "codename": "view_review"}}, {"model": "auth.permission", "pk": 53, "fields": {"name": "Can add cart product", "content_type": 14, "codename": "add_cartproduct"}}, {"model": "auth.permission", "pk": 54, "fields": {"name": "Can change cart product", "content_type": 14, "codename": "change_cartproduct"}}, {"model": "auth.permission", "pk": 55, "fields": {"name": "Can delete cart product", "content_type": 14, "codename": "delete_cartproduct"}}, {"model": "auth.permission", "pk": 56, "fields": {"name": "Can view cart product", "content_type": 14, "codename": "view_cartproduct"}}, {"model": "auth.permission", "pk": 57, "fields": {"name": "Can add trending product", "content_type": 15, "codename": "add_trendingproduct"}}, {"model": "auth.permission", "pk": 58, "fields": {"name": "Can change trending product", "content_type": 15, "codename": "change_trendingproduct"}}, {"model": "auth.permission", "pk": 59, "fields": {"name": "Can delete trending product", "content_type": 15, "codename": "delete_trendingproduct"}}, {"model": "auth.permission", "pk": 60, "fields": {"name": "Can view trending product", "content_type": 15, "codename": "view_trendingproduct"}}, {"model": "auth.permission", "pk": 61, "fields": {"name": "Can add slider", "content_type": 16, "codename": "add_slider"}}, {"model": "auth.permission", "pk": 62, "fields": {"name": "Can change slider", "content_type": 16, "codename": "change_slider"}}, {"model": "auth.permission", "pk": 63, "fields": {"name": "Can delete slider", "content_type": 16, "codename": "delete_slider"}}, {"model": "auth.permission", "pk": 64, "fields": {"name": "Can view slider", "content_type": 16, "codename": "view_slider"}}, {"model": "auth.permission", "pk": 65, "fields": {"name": "Can add product view", "content_type": 17, "codename": "add_productview"}}, {"model": "auth.permission", "pk": 66, "fields": {"name": "Can change product view", "content_type": 17, "codename": "change_productview"}}, {"model": "auth.permission", "pk": 67, "fields": {"name": "Can delete product view", "content_type": 17, "codename": "delete_productview"}}, {"model": "auth.permission", "pk": 68, "fields": {"name": "Can view product view", "content_type": 17, "codename": "view_productview"}}, {"model": "auth.permission", "pk": 69, "fields": {"name": "Can add category", "content_type": 18, "codename": "add_category"}}, {"model": "auth.permission", "pk": 70, "fields": {"name": "Can change category", "content_type": 18, "codename": "change_category"}}, {"model": "auth.permission", "pk": 71, "fields": {"name": "Can delete category", "content_type": 18, "codename": "delete_category"}}, {"model": "auth.permission", "pk": 72, "fields": {"name": "Can view category", "content_type": 18, "codename": "view_category"}}, {"model": "auth.permission", "pk": 73, "fields": {"name": "Can add brand", "content_type": 19, "codename": "add_brand"}}, {"model": "auth.permission", "pk": 74, "fields": {"name": "Can change brand", "content_type": 19, "codename": "change_brand"}}, {"model": "auth.permission", "pk": 75, "fields": {"name": "Can delete brand", "content_type": 19, "codename": "delete_brand"}}, {"model": "auth.permission", "pk": 76, "fields": {"name": "Can view brand", "content_type": 19, "codename": "view_brand"}}, {"model": "contenttypes.contenttype", "pk": 1, "fields": {"app_label": "admin", "model": "logentry"}}, {"model": "contenttypes.contenttype", "pk": 2, "fields": {"app_label": "auth", "model": "permission"}}, {"model": "contenttypes.contenttype", "pk": 3, "fields": {"app_label": "auth", "model": "group"}}, {"model": "contenttypes.contenttype", "pk": 4, "fields": {"app_label": "contenttypes", "model": "contenttype"}}, {"model": "contenttypes.contenttype", "pk": 5, "fields": {"app_label": "sessions", "model": "session"}}, {"model": "contenttypes.contenttype", "pk": 6, "fields": {"app_label": "authtoken", "model": "token"}}, {"model": "contenttypes.contenttype", "pk": 7, "fields": {"app_label": "authtoken", "model": "tokenproxy"}}, {"model": "contenttypes.contenttype", "pk": 8, "fields": {"app_label": "account", "model": "customuser"}}, {"model": "contenttypes.contenttype", "pk": 9, "fields": {"app_label": "shop", "model": "customer"}}, {"model": "contenttypes.contenttype", "pk": 10, "fields": {"app_label": "shop", "model": "order"}}, {"model": "contenttypes.contenttype", "pk": 11, "fields": {"app_label": "shop", "model": "cart"}}, {"model": "contenttypes.contenttype", "pk": 12, "fields": {"app_label": "shop", "model": "product"}}, {"model": "contenttypes.contenttype", "pk": 13, "fields": {"app_label": "shop", "model": "review"}}, {"model": "contenttypes.contenttype", "pk": 14, "fields": {"app_label": "shop", "model": "cartproduct"}}, {"model": "contenttypes.contenttype", "pk": 15, "fields": {"app_label": "shop", "model": "trendingproduct"}}, {"model": "contenttypes.contenttype", "pk": 16, "fields": {"app_label": "shop", "model": "slider"}}, {"model": "contenttypes.contenttype", "pk": 17, "fields": {"app_label": "shop", "model": "productview"}}, {"model": "contenttypes.contenttype", "pk": 18, "fields": {"app_label": "shop", "model": "category"}}, {"model": "contenttypes.contenttype", "pk": 19, "fields": {"app_label": "shop", "model": "brand"}}, {"model": "sessions.session", "pk": "0lhil6iqv3jqdul9on8hpap5320ms4dd", "fields": {"session_data": ".eJxVjDsOwyAQRO9CHaE1sBinTO8zWLuwxE4ikPypotw9tuQiqUaa92beaqBtHYdtkXmYkrqqRl1-O6b4lHKA9KByrzrWss4T60PRJ110X5O8bqf7dzDSMu5rMY58lswmWM4IoWUDAmIRHXrI0HBrAduEweRovEVKbs8QqWPoWH2-3Wk3lg:1n8QAX:9bf4QDC0x47QBCEGyoDNJZV8X47Nimnku5PZCTV5bwc", "expire_date": "2022-01-28T17:15:17.054Z"}}, {"model": "sessions.session", "pk": "l90tj5wjp9sjl5qjgkvmaumwfcegwncl", "fields": {"session_data": ".eJxVjDsOwyAQRO9CHaE1sBinTO8zWLuwxE4ikPypotw9tuQiqUaa92beaqBtHYdtkXmYkrqqRl1-O6b4lHKA9KByrzrWss4T60PRJ110X5O8bqf7dzDSMu5rMY58lswmWM4IoWUDAmIRHXrI0HBrAduEweRovEVKbs8QqWPoWH2-3Wk3lg:1nDjlx:RjZ3qL8wK3phR7-3xsl4G6vyqMopRR-mOwrNT7R_ckg", "expire_date": "2022-02-12T09:11:53.213Z"}}, {"model": "sessions.session", "pk": "x617xkpdmrsvdzh65d2p4mpt4j8gh9uv", "fields": {"session_data": ".eJxVjDsOwyAQRO9CHaE1sBinTO8zWLuwxE4ikPypotw9tuQiqUaa92beaqBtHYdtkXmYkrqqRl1-O6b4lHKA9KByrzrWss4T60PRJ110X5O8bqf7dzDSMu5rMY58lswmWM4IoWUDAmIRHXrI0HBrAduEweRovEVKbs8QqWPoWH2-3Wk3lg:1nHR3t:9beHrLJ5LwXmEpYgrAptw4hqBzs1CXnNrrASMTF09q8", "expire_date": "2022-02-22T14:01:41.039Z"}}, {"model": "authtoken.token", "pk": "352d29686a67ce665dd753ff6f2c8dbf65b9cc18", "fields": {"user": 4, "created": "2022-02-25T14:56:32.154Z"}}, {"model": "authtoken.token", "pk": "46f11f9571a8e195b99603bc9d92c07a066b0e71", "fields": {"user": 5, "created": "2022-02-25T15:06:56.749Z"}}, {"model": "authtoken.token", "pk": "6e20face3766167a2f074316977baf922ba93c30", "fields": {"user": 3, "created": "2022-02-25T13:30:41.888Z"}}, {"model": "authtoken.token", "pk": "d022b3f1f95a5d1bbd21e405cebc9f491233954b", "fields": {"user": 2, "created": "2022-02-08T14:05:36.732Z"}}, {"model": "authtoken.token", "pk": "d7435e20f8e65cdbb8036334b5fec9add199ac57", "fields": {"user": 1, "created": "2022-02-08T14:03:24.654Z"}}, {"model": "account.customuser", "pk": 1, "fields": {"password": "pbkdf2_sha256$216000$DVXPxDpZDyHe$5UCS5YYcme5amIMRkw/Fv5bMJrGTNfXopWJYC7g1Kv0=", "last_login": "2022-02-08T14:01:40.935Z", "is_superuser": true, "first_name": "", "last_name": "", "is_staff": true, "is_active": true, "date_joined": "2022-01-14T09:34:17.745Z", "email": "ma01776879@gmail.com", "groups": [], "user_permissions": []}}, {"model": "account.customuser", "pk": 2, "fields": {"password": "pbkdf2_sha256$216000$BpFlVbBxaT1j$znWOe3ZGFVx2i+NANImm7stl5Tx1DOx3G23I8jENDxI=", "last_login": null, "is_superuser": false, "first_name": "", "last_name": "", "is_staff": false, "is_active": true, "date_joined": "2022-02-08T14:05:36.491Z", "email": "rafiq@gmail.com", "groups": [], "user_permissions": []}}, {"model": "account.customuser", "pk": 3, "fields": {"password": "pbkdf2_sha256$216000$gogmzoEWkICD$m4m4xXoCrJI1LHB/6vnVMzc4U6ijvsxx3C34ns6qfo4=", "last_login": null, "is_superuser": false, "first_name": "", "last_name": "", "is_staff": false, "is_active": true, "date_joined": "2022-02-25T13:30:41.103Z", "email": "mahbub246@gmail.com", "groups": [], "user_permissions": []}}, {"model": "account.customuser", "pk": 4, "fields": {"password": "pbkdf2_sha256$216000$k7gIfT84H3mL$k+L5Uy8KpXJfBJv8RWY7CsjKgaOkIq5SSdKzs+oCxRk=", "last_login": null, "is_superuser": false, "first_name": "", "last_name": "", "is_staff": false, "is_active": true, "date_joined": "2022-02-25T14:56:31.550Z", "email": "ma0188@gmail.com", "groups": [], "user_permissions": []}}, {"model": "account.customuser", "pk": 5, "fields": {"password": "pbkdf2_sha256$216000$0ERXMJakULB6$mb8Rp1T228fnjhY+imOZMW723ThlBEjIbxTzEpLExZg=", "last_login": null, "is_superuser": false, "first_name": "", "last_name": "", "is_staff": false, "is_active": true, "date_joined": "2022-02-25T15:06:56.198Z", "email": "rohim@gmail.com", "groups": [], "user_permissions": []}}, {"model": "shop.customer", "pk": 1, "fields": {"user": 1, "name": "mahbub alam", "mobile": "0177687900", "address": "Dhaka", "username": "customer1"}}, {"model": "shop.customer", "pk": 2, "fields": {"user": 2, "name": null, "mobile": "", "address": null, "username": "customer2"}}, {"model": "shop.customer", "pk": 3, "fields": {"user": 3, "name": null, "mobile": "", "address": null, "username": "customer3"}}, {"model": "shop.customer", "pk": 4, "fields": {"user": 4, "name": null, "mobile": "", "address": null, "username": "customer4"}}, {"model": "shop.customer", "pk": 5, "fields": {"user": 5, "name": null, "mobile": "", "address": null, "username": "customer5"}}, {"model": "shop.category", "pk": 1, "fields": {"title": "category3", "image": "category/103570653_262550865080581_8165562020340685310_n.jpg", "details": "this is a highly fashionable product", "date": "2022-01-15T16:00:52.570Z"}}, {"model": "shop.category", "pk": 2, "fields": {"title": "category2", "image": "category/60201670_327725981229894_6285179880254472192_n.jpg", "details": "this is a highly fashionable product", "date": "2022-01-15T16:00:52.569Z"}}, {"model": "shop.category", "pk": 3, "fields": {"title": "category1", "image": "category/120192798_336928277736055_4231216149866449006_n.jpg", "details": "this is a highly fashionable product", "date": "2022-01-15T16:00:52.570Z"}}, {"model": "shop.category", "pk": 4, "fields": {"title": "category4", "image": "", "details": "ok1", "date": "2022-01-16T14:21:15.842Z"}}, {"model": "shop.category", "pk": 5, "fields": {"title": "category5", "image": "", "details": "ok2", "date": "2022-01-16T14:21:28.684Z"}}, {"model": "shop.category", "pk": 6, "fields": {"title": "category6", "image": "", "details": "ok3", "date": "2022-01-16T14:21:37.521Z"}}, {"model": "shop.category", "pk": 7, "fields": {"title": "category7", "image": "", "details": "ok4", "date": "2022-01-16T14:21:49.982Z"}}, {"model": "shop.category", "pk": 8, "fields": {"title": "category10", "image": "", "details": "ok10", "date": "2022-01-16T14:21:59.266Z"}}, {"model": "shop.category", "pk": 9, "fields": {"title": "category8", "image": "", "details": "ok7", "date": "2022-01-16T14:22:14.157Z"}}, {"model": "shop.category", "pk": 10, "fields": {"title": "category9", "image": "category/images_33.jpg", "details": "ok", "date": "2022-01-16T14:22:21.998Z"}}, {"model": "shop.brand", "pk": 1, "fields": {"title": "Eassy", "logo": "logo/eassy.jpg", "details": "", "date": "2022-01-16T14:25:52.724Z"}}, {"model": "shop.brand", "pk": 2, "fields": {"title": "Yellow", "logo": "logo/yellow.jpg", "details": "", "date": "2022-01-16T14:26:01.216Z"}}, {"model": "shop.brand", "pk": 3, "fields": {"title": "Arong", "logo": "logo/Arong.png", "details": "", "date": "2022-01-16T14:26:10.326Z"}}, {"model": "shop.brand", "pk": 5, "fields": {"title": "Police", "logo": "logo/police1.jpg", "details": "", "date": "2022-01-16T14:26:21.325Z"}}, {"model": "shop.brand", "pk": 6, "fields": {"title": "Adidas", "logo": "logo/adidas.png", "details": "", "date": "2022-01-16T14:26:28.218Z"}}, {"model": "shop.brand", "pk": 7, "fields": {"title": "Nike", "logo": "logo/nike1_F90y0w7.jpg", "details": "", "date": "2022-01-16T14:26:41.467Z"}}, {"model": "shop.brand", "pk": 8, "fields": {"title": "Reimond", "logo": "logo/raymond2_l81LkDP.jpg", "details": "", "date": "2022-01-16T14:26:51.487Z"}}, {"model": "shop.brand", "pk": 9, "fields": {"title": "Titan", "logo": "logo/titan.png", "details": "", "date": "2022-01-16T14:26:58.535Z"}}, {"model": "shop.product", "pk": 4, "fields": {"title": "product1", "image": "product/download_1.jpg", "oldprice": 700, "price": 550, "discount": null, "brand": 1, "details": "this is highly gorgeous product.", "tegs": "", "time": "2022-01-16T14:28:13.891Z", "category": [3]}}, {"model": "shop.product", "pk": 5, "fields": {"title": "product2", "image": "product/download_2.jpg", "oldprice": null, "price": 1200, "discount": null, "brand": 1, "details": "looking fashinable", "tegs": "", "time": "2022-01-16T14:28:47.456Z", "category": [3]}}, {"model": "shop.product", "pk": 6, "fields": {"title": "product3", "image": "product/download_3.jpg", "oldprice": null, "price": 500, "discount": null, "brand": 2, "details": "gorgeous t-shirt.", "tegs": "", "time": "2022-01-16T14:29:29.371Z", "category": [2]}}, {"model": "shop.product", "pk": 7, "fields": {"title": "product4", "image": "product/download_4.jpg", "oldprice": 720, "price": 600, "discount": null, "brand": 1, "details": "excellent product", "tegs": "", "time": "2022-01-16T14:30:10.685Z", "category": [2]}}, {"model": "shop.product", "pk": 8, "fields": {"title": "product5", "image": "product/download_5.jpg", "oldprice": 2000, "price": 1750, "discount": null, "brand": 3, "details": "excellent product", "tegs": "", "time": "2022-01-16T14:30:40.636Z", "category": [2, 5, 7, 8, 10]}}, {"model": "shop.product", "pk": 9, "fields": {"title": "product6", "image": "product/download_6.jpg", "oldprice": 1250, "price": 780, "discount": null, "brand": 2, "details": "excellent product", "tegs": "", "time": "2022-01-16T14:31:12.238Z", "category": [3]}}, {"model": "shop.product", "pk": 10, "fields": {"title": "product7", "image": "product/download_7.jpg", "oldprice": 2300, "price": 1850, "discount": null, "brand": 8, "details": "excellent product", "tegs": "", "time": "2022-01-16T14:31:41.048Z", "category": [1, 4, 6, 8, 10]}}, {"model": "shop.product", "pk": 11, "fields": {"title": "product8", "image": "product/download_8.jpg", "oldprice": 1900, "price": 1800, "discount": null, "brand": 9, "details": "excellent product", "tegs": "", "time": "2022-01-16T14:32:13.520Z", "category": [4]}}, {"model": "shop.product", "pk": 12, "fields": {"title": "product9", "image": "product/download_9.jpg", "oldprice": null, "price": 1260, "discount": null, "brand": 9, "details": "excellent product", "tegs": "", "time": "2022-01-16T14:32:41.296Z", "category": [1]}}, {"model": "shop.product", "pk": 13, "fields": {"title": "product10", "image": "product/download_10.jpg", "oldprice": 1330, "price": 1270, "discount": 100, "brand": 6, "details": "excellent product", "tegs": "", "time": "2022-01-16T14:33:13.578Z", "category": [4]}}, {"model": "shop.product", "pk": 14, "fields": {"title": "product11", "image": "product/download_11.jpg", "oldprice": 3000, "price": 2200, "discount": 100, "brand": 7, "details": "excellent product", "tegs": "", "time": "2022-01-16T14:33:46.053Z", "category": [2, 4, 6, 8]}}, {"model": "shop.product", "pk": 15, "fields": {"title": "product12", "image": "product/download_12.jpg", "oldprice": 2000, "price": 1780, "discount": null, "brand": 6, "details": "excellent product", "tegs": "", "time": "2022-01-16T14:34:19.035Z", "category": [5]}}, {"model": "shop.product", "pk": 16, "fields": {"title": "product13", "image": "product/download_13.jpg", "oldprice": null, "price": 2500, "discount": 200, "brand": 9, "details": "excellent product", "tegs": "", "time": "2022-01-16T14:34:51.875Z", "category": [5]}}, {"model": "shop.product", "pk": 17, "fields": {"title": "product14", "image": "product/download_14.jpg", "oldprice": 1500, "price": 1250, "discount": null, "brand": 6, "details": "excellent product", "tegs": "", "time": "2022-01-16T14:35:26.304Z", "category": [6]}}, {"model": "shop.product", "pk": 18, "fields": {"title": "product15", "image": "product/download_15.jpg", "oldprice": null, "price": 1600, "discount": null, "brand": 6, "details": "excellent product", "tegs": "", "time": "2022-01-16T14:35:56.720Z", "category": [1, 3, 5, 6, 8, 10]}}, {"model": "shop.product", "pk": 19, "fields": {"title": "product16", "image": "product/download_16.jpg", "oldprice": 1280, "price": 1080, "discount": 60, "brand": 7, "details": "excellent product", "tegs": "", "time": "2022-01-16T14:36:36.803Z", "category": [1, 3, 6, 7, 9]}}, {"model": "shop.product", "pk": 20, "fields": {"title": "product17", "image": "product/download_17.jpg", "oldprice": 900, "price": 750, "discount": null, "brand": 7, "details": "excellent product", "tegs": "", "time": "2022-01-16T14:37:15.149Z", "category": [2, 3, 5, 7, 8, 10]}}, {"model": "shop.product", "pk": 21, "fields": {"title": "product18", "image": "product/download_18.jpg", "oldprice": null, "price": 1100, "discount": 50, "brand": 6, "details": "excellent product", "tegs": "", "time": "2022-01-16T14:38:09.794Z", "category": [1, 2, 4, 6, 8, 10]}}, {"model": "shop.product", "pk": 22, "fields": {"title": "product19", "image": "product/download.jpg", "oldprice": null, "price": 3200, "discount": 120, "brand": 8, "details": "excellent product", "tegs": "", "time": "2022-01-16T14:38:49.828Z", "category": [1, 2, 4, 6, 8]}}, {"model": "shop.product", "pk": 23, "fields": {"title": "product20", "image": "product/images_1.jpg", "oldprice": 3400, "price": 3000, "discount": 20, "brand": 3, "details": "Lorem Ipsum is simply dummy text of the printing and typesetting industry. Lorem Ipsum has been the industry's standard dummy text ever since the 1500s, when an unknown printer took a galley of type and scrambled it to make a type specimen book. It has survived not only five centuries, but also the leap into electronic typesetting, remaining essentially unchanged. It was popularised in the 1960s with the release of Letraset sheets containing Lorem Ipsum passages, and more recently with desktop publishing software like Aldus PageMaker including versions of Lorem Ipsum.", "tegs": "", "time": "2022-01-16T14:39:35.252Z", "category": [1, 2, 3, 5, 8, 9]}}, {"model": "shop.product", "pk": 24, "fields": {"title": "product21", "image": "product/images_2.jpg", "oldprice": 2100, "price": 2000, "discount": 10, "brand": 2, "details": "excellent product", "tegs": "", "time": "2022-01-16T14:40:08.214Z", "category": [1, 2, 4, 6, 7, 9]}}, {"model": "shop.product", "pk": 25, "fields": {"title": "product22", "image": "product/images_3.jpg", "oldprice": 2300, "price": 1200, "discount": null, "brand": 1, "details": "excellent product", "tegs": "", "time": "2022-01-16T14:40:40.747Z", "category": [1, 3, 5, 7, 8, 10]}}, {"model": "shop.product", "pk": 26, "fields": {"title": "product23", "image": "product/images_4.jpg", "oldprice": null, "price": 890, "discount": null, "brand": 5, "details": "excellent product", "tegs": "", "time": "2022-01-16T14:41:16.157Z", "category": [1, 3, 4, 6, 7, 9]}}, {"model": "shop.product", "pk": 27, "fields": {"title": "product24", "image": "product/images_5.jpg", "oldprice": 600, "price": 500, "discount": 5, "brand": 5, "details": "excellent product", "tegs": "", "time": "2022-01-16T14:41:46.338Z", "category": [1, 3, 6, 7, 9]}}, {"model": "shop.product", "pk": 28, "fields": {"title": "product25", "image": "product/images_6.jpg", "oldprice": 1300, "price": 1240, "discount": null, "brand": 3, "details": "excellent product", "tegs": "", "time": "2022-01-16T14:42:16.655Z", "category": [2, 4, 6, 8, 10]}}, {"model": "shop.product", "pk": 29, "fields": {"title": "product26", "image": "product/images_9.jpg", "oldprice": 200, "price": 1700, "discount": null, "brand": 2, "details": "excellent product", "tegs": "", "time": "2022-01-16T14:42:50.391Z", "category": [1, 2, 4, 6, 7, 8, 10]}}, {"model": "shop.product", "pk": 30, "fields": {"title": "product27", "image": "product/images_10.jpg", "oldprice": 1120, "price": 1000, "discount": 3, "brand": 3, "details": "excellent product", "tegs": "", "time": "2022-01-16T14:43:21.682Z", "category": [1, 3, 4, 5, 7, 9]}}, {"model": "shop.product", "pk": 31, "fields": {"title": "product28", "image": "product/images_11.jpg", "oldprice": null, "price": 2000, "discount": 5, "brand": 3, "details": "excellent product", "tegs": "red,blue", "time": "2022-01-16T14:43:59.679Z", "category": [2, 3, 5, 6, 8, 10]}}, {"model": "shop.product", "pk": 32, "fields": {"title": "product30", "image": "product/images_21.jpg", "oldprice": 3200, "price": 3000, "discount": 10, "brand": 8, "details": "excellent product", "tegs": "", "time": "2022-01-16T14:44:51.831Z", "category": [3, 4, 6, 8, 10]}}, {"model": "shop.product", "pk": 33, "fields": {"title": "product29", "image": "product/images_14.jpg", "oldprice": null, "price": 270, "discount": null, "brand": 2, "details": "excellent product", "tegs": "", "time": "2022-01-16T14:45:28.380Z", "category": [2, 3, 5, 6, 8, 10]}}, {"model": "shop.productview", "pk": 1, "fields": {"product": 4, "view": 19}}, {"model": "shop.productview", "pk": 2, "fields": {"product": 5, "view": 2}}, {"model": "shop.productview", "pk": 3, "fields": {"product": 8, "view": 0}}, {"model": "shop.productview", "pk": 4, "fields": {"product": 6, "view": 6}}, {"model": "shop.productview", "pk": 5, "fields": {"product": 7, "view": 25}}, {"model": "shop.productview", "pk": 6, "fields": {"product": 12, "view": 93}}, {"model": "shop.productview", "pk": 7, "fields": {"product": 10, "view": 8}}, {"model": "shop.productview", "pk": 8, "fields": {"product": 29, "view": 7}}, {"model": "shop.productview", "pk": 9, "fields": {"product": 30, "view": 8}}, {"model": "shop.productview", "pk": 10, "fields": {"product": 13, "view": 5}}, {"model": "shop.productview", "pk": 11, "fields": {"product": 20, "view": 1}}, {"model": "shop.productview", "pk": 12, "fields": {"product": 23, "view": 16}}, {"model": "shop.productview", "pk": 13, "fields": {"product": 24, "view": 1}}, {"model": "shop.productview", "pk": 14, "fields": {"product": 22, "view": 1}}, {"model": "shop.productview", "pk": 15, "fields": {"product": 33, "view": 3}}, {"model": "shop.productview", "pk": 16, "fields": {"product": 28, "view": 6}}, {"model": "shop.productview", "pk": 17, "fields": {"product": 19, "view": 1}}, {"model": "shop.productview", "pk": 18, "fields": {"product": 9, "view": 1}}, {"model": "shop.productview", "pk": 19, "fields": {"product": 18, "view": 3}}, {"model": "shop.productview", "pk": 20, "fields": {"product": 21, "view": 2}}, {"model": "shop.productview", "pk": 21, "fields": {"product": 27, "view": 2}}, {"model": "shop.productview", "pk": 22, "fields": {"product": 25, "view": 1}}, {"model": "shop.productview", "pk": 23, "fields": {"product": 14, "view": 2}}, {"model": "shop.review", "pk": 1, "fields": {"product": 4, "customer": 1, "title": "excellent"}}, {"model": "shop.review", "pk": 2, "fields": {"product": 4, "customer": 1, "title": "Good"}}, {"model": "shop.review", "pk": 3, "fields": {"product": 5, "customer": 1, "title": "Impressive"}}, {"model": "shop.review", "pk": 4, "fields": {"product": 10, "customer": 1, "title": "good product"}}, {"model": "shop.review", "pk": 5, "fields": {"product": 7, "customer": 1, "title": "excellent"}}, {"model": "shop.review", "pk": 6, "fields": {"product": 23, "customer": 1, "title": "nyc"}}, {"model": "shop.review", "pk": 7, "fields": {"product": 23, "customer": 1, "title": "excellent"}}, {"model": "shop.review", "pk": 8, "fields": {"product": 23, "customer": 1, "title": "impressive"}}, {"model": "shop.review", "pk": 9, "fields": {"product": 23, "customer": 1, "title": "gorgeous"}}, {"model": "shop.slider", "pk": 1, "fields": {"name": "weastern shoping", "details": "Leatest Westearn Shoping", "image": "slider/shoping6.jpg", "url": "#", "product": null}}, {"model": "shop.slider", "pk": 2, "fields": {"name": "popular Brand", "details": "All Popular Brands", "image": "slider/shoping5.jpg", "url": "#", "product": null}}, {"model": "shop.slider", "pk": 3, "fields": {"name": "Winter Fashion", "details": "Winter Fashion", "image": "slider/shoping1.jpg", "url": "#", "product": null}}, {"model": "shop.trendingproduct", "pk": 1, "fields": {"products": 4, "date": "2022-01-29T09:12:08.904Z"}}, {"model": "shop.trendingproduct", "pk": 2, "fields": {"products": 7, "date": "2022-01-29T09:12:12.954Z"}}, {"model": "shop.trendingproduct", "pk": 3, "fields": {"products": 13, "date": "2022-01-29T09:12:16.826Z"}}, {"model": "shop.trendingproduct", "pk": 4, "fields": {"products": 17, "date": "2022-01-29T09:12:21.058Z"}}, {"model": "shop.trendingproduct", "pk": 5, "fields": {"products": 19, "date": "2022-01-29T09:12:26.417Z"}}, {"model": "shop.trendingproduct", "pk": 6, "fields": {"products": 24, "date": "2022-01-29T09:12:33.369Z"}}, {"model": "shop.trendingproduct", "pk": 7, "fields": {"products": 27, "date": "2022-01-29T09:12:38.452Z"}}, {"model": "shop.trendingproduct", "pk": 8, "fields": {"products": 29, "date": "2022-01-29T09:12:48.465Z"}}, {"model": "shop.trendingproduct", "pk": 9, "fields": {"products": 29, "date": "2022-01-29T09:12:48.687Z"}}, {"model": "shop.trendingproduct", "pk": 10, "fields": {"products": 6, "date": "2022-01-29T09:12:58.116Z"}}, {"model": "shop.trendingproduct", "pk": 11, "fields": {"products": 4, "date": "2022-01-29T09:13:07.675Z"}}]